company,country,product_category,brand_name,contact_name,email_address,address,license_number,certification_body,expiry_date,product_details
''P-AQRO'' MMC,Azerbaijan (AZ),Raw Fibres,,Nazli Alancay,certification@docotton.com,SHIKHALIEV STREET 14 NARIMANOV,CU 1206162,Control Union Certifications,2024-03-17,Fibres
"""""MOHINI HEALTH & HYGIENE LIMITED""""",India (IN),"Hygiene products, Product category (other)",,Sheheryar Dhatta,sheheryar@mohinifibers.com,PITHAMPUR 454774 Madhya Pradesh INDIA,00279945,Ecocert Greenlife,2024-06-16,"Personal care hygiene (PC0013)
Undyed fibers (PC0034)"
"""BСT Cluster Agrokompleks"" LLC",Uzbekistan (UZ),Raw Fibres,,Inoyat Nurov,bctagro@mail.ru,"43, Amir Timur Street 201000 Romitan city",CU 1240944,Control Union Certifications,2024-05-03,Fibres
"""TEOFILÓW"" S.A.",Poland (PL),Fabrics,,,office@teofilow.com.pl,,1127384,Control Union Certifications,2024-01-16,Dyed fabrics (PC0025) Knitted fabrics (PD0058) 100.0%In Conversion Cotton (RM0103) Dyed fabrics (PC0025) Knitted fabrics (PD0058) 3.0%Elastane (Spandex) (RM0160) 97.0%In Conversion Cotton (RM0103) Dyed fabrics (PC0025) Knitted fabrics (PD0058) 100.0%Organic Cotton (RM0104) Dyed fabrics (PC0025) Knitted fabrics (PD0058) 2.0%Elastane (Spandex) (RM0160) 98.0%Organic Cotton (RM0104)
“Istiqlol-2010” Ltd,Tajikistan (TJ),Raw Fibres,,,jamshed@farnico.com,"Polygon site, Khaeti Nav village council, Yavan region, Khatlon province",1213560,Control Union Certifications,2024-01-18,Undyed fibers (PC0034) Lint cotton (PD0074) 100.0%Organic Cotton (RM0104)
«SCT CLUSTER » LLC,Uzbekistan (UZ),Raw Fibres,,Inovay Nurov,tct2023@mail.ru,"Zarbdor street, Qizirik district",CU 1241694,Control Union Certifications,2024-05-03,Fibres
&Sisters Ltd,United Kingdom (GB),Hygiene products,&Sisters Ltd,Lucy Lettice,,200 Upper Richmond Road,DK14305,Soil Association Certification Ltd.,2024-12-31,"pads
panty liners and tampons"
10DAYS Wholesale BV,Netherlands (NL),"Ladieswear, Men's wear",,,,Toetsenbordweg 24,1219695,Control Union Certifications,2024-03-27,
140Fahrenheit GmbH,Germany (DE),Garments,,,,,1140644,Control Union Certifications,2024-02-03,"Women's apparel Pants
trousers 100.0%Organic Cotton"
1800 Wash Tekstil Yikama San. Tic. A.S.,Turkey (TR),Garments,,Mustafa Kucuk,info@1800wash.com,Kemalpasa Mh. 7416\3 Sk. No: 4 Bornova,CU 1026067,Control Union Certifications,2024-02-16,Garments
"1888 Mills, LLC",United States (US),Home Textiles,,,tneary@1888mills.com,,1061457,Control Union Certifications,2024-05-27,"Home textiles (PC0010) Blankets
bed sheets (PD0015) 100.0%Organic Cotton (RM0104) Organic Home textiles (PC0010) Towels
bedspreads
cushions [Pillow Cases] (PD0023) 100.0%Organic Cotton (RM0104) Organic Home textiles (PC0010) Bed linen
kitchen linen
quilts [Duvet Covers] (PD0019) 100.0%Organic Cotton (RM0104) Organic Home textiles (PC0010) Pillows
toilet linen (PD0017) 100.0%Organic Cotton (RM0104) Organic"
2 Surface Leather Limited,United Kingdom (GB),"Ladieswear, Men's wear",,,,"Unit 4i Blenheim Park Road NG6 8YP Nottingham, United Kingdom, GB",CB-GOTS-CUC-03-1129527,Control Union Certifications,2024-08-11,"Product categories: Men's apparel (PC0001)
Unisex apparel (PC0005)
Women's apparel (PC0002)"
2230745 ONTARIO INC O/A SLEEP DREAM MATTRESS,Canada (CA),Home Textiles,,Mangal Nagra,sleepdm@gmail.com,,CB-GOTS-CUC-03- 895633,Control Union Certifications,2024-08-17,Bedding (PC0015) Mattresses (PD0034) 80.0% Organic Wool (RM0079) 20.0% Organic Cotton (RM0104) Organic Bedding (PC0015) Mattresses (PD0034) 71.0% Organic Cotton (RM0104) 4.0% Elastane (Spandex) (RM0160) 25.0% Organic Wool (RM0079) Organic
2B CORAP SANAYI VE TICARET LTD. STI.,Turkey (TR),"Babywear, Children's wear, Ladieswear, Men's wear",,Mahmut Yucel Aydin,,"Osmangazi Mah. Cemil Meric (Ugur Mumcu) Cad. No:2 Ic Kapi No: 3,",GCL-301446,GCL International,2024-12-13,"Women's Apparel (PC0002) Socks
hosiery (PD0009) 100% Organic Cotton (RM0104) Babies Apparel (PC0003) Babies' clothing (PD0013) 100% Organic Cotton (RM0104) Women's Apparel (PC0002) Socks
hosiery (PD0009) 100% Organic Cotton (RM0104) Children's Apparel (PC0004) Socks
hosiery (PD0009) 100% Organic Cotton (RM0104) Men's Apparel (PC0001) Socks
hosiery (PD0009) 50% Organic Wool (RM0079) + 40% Organic Cotton (RM0104) + 9% Polyamide (Nylon) (RM0182) + 1% Elastane (Spandex) (RM0160) Men's Apparel (PC0001) Socks
hosiery (PD0009) 50% Organic Wool (RM0079) + 40% Organic Cotton (RM0104) + 9% Polyamide (Nylon) (RM0182) + 1% Elastane (Spandex) (RM0160) Babies Apparel (PC0003) Babies' clothing (PD0013) 50% Organic Wool (RM0079) + 40% Organic Cotton (RM0104) + 9% Polyamide (Nylon) (RM0182) + 1% Elastane (Spandex) (RM0160) Babies Apparel (PC0003) Babies' accessories (PD0014) 50% Organic Wool (RM0079) + 40% Organic Cotton (RM0104) + 9% Polyamide (Nylon) (RM0182) + 1% Elastane (Spandex) (RM0160) Babies Apparel (PC0003) Babies' accessories (PD0014) 100% Organic Cotton (RM0104)
hosiery (PD0009) 50% Organic Wool (RM0079) + 40% Organic Cotton (RM0104) + 9% Polyamide (Nylon) (RM0182) + 1% Elastane (Spandex) (RM0160) Children's Apparel (PC0004) Socks
hosiery (PD0009) 98% Organic Cotton (RM0104) + 2% Elastane (Spandex) (RM0160) Babies Apparel (PC0003) Babies' clothing (PD0013) 98% Organic Cotton (RM0104) + 2% Elastane (Spandex) (RM0160) Babies Apparel (PC0003) Babies' accessories (PD0014) 98% Organic Cotton (RM0104) + 2% Elastane (Spandex) (RM0160) Women's Apparel (PC0002) Socks
hosiery (PD0009) 98% Organic Cotton (RM0104) + 2% Elastane (Spandex) (RM0160) Children's Apparel (PC0004) Socks
hosiery (PD0009) 98% Organic Cotton (RM0104) + 2% Elastane (Spandex) (RM0160) Men's Apparel (PC0001) Socks"
2B40 TEKSTIL SANAYI VE DIS TICARET LIMITED SIRKETI,Turkey (TR),,,,,Ikitelli OSB Mahallesi Atatürk Bulvarı Orjin Deri No: 86 Ic Kapı No:201 Basaksehir,224100,Intertek Testing Services,2024-06-26,"Socks
hosiery"
2JTEX,France (FR),Fabrics,,Christian DUMOULIN,cd@cotofrance.com,"19, rue des jardins",EGL/203626/GOTS/1499927/1,Ecocert Greenlife,2023-12-31,"Dyed fabrics (PC0025)
Printed fabrics (PC0039)
Undyed Fabrics (PC0027)"
3B DI BALLERINI PAOLO E C. SAS,Italy (IT),Yarns,,,info@3bdiballerini.it,Via Lucca 1/3,CU1117500,Control Union Certifications,2024-11-09,Fancy yarns - 100.0%Organic Cotton
3B Kumas San. Ve Tic. Ltd. Sti.,Turkey (TR),"Fabrics, Yarns",,,,Beylıkduzu Osb Mah. Bakir Ve Pirinc San. Sitesi Acelya Cad. No:35 Kat: 3 Beylikduzu,ETKO 00004571,ETKO Ekolojik Tarim Kontrol Organizasyonu Ltd Sti,2023-12-29,Knitted fabrics(PD0058)/ Woven fabrics (PD0059)Normally combed yarns(PD0102)
3C COMPANY SRL,Italy (IT),Fabrics,,MATTEO CAPETTINI,matteo@3ccompany.it,Via Boscaccio 43,ICEA-TX-3438,ICEA Istituto per la Certificazione Etica e Ambientale,2024-12-13,"Dyed fabrics (PC0025)
Greige fabrics (PC0026)
Undyed fabrics (PC0027)"
3FREUNDE,Germany (DE),"Children's wear, Fabrics, Garments, Ladieswear, Men's wear, Accessories",,,,,CERES-0621,Ceres,2024-08-15,"Carried accessories (PC0011)
Children’s apparel (PC0004)
Men’s apparel (PC0001)
Undyed fabrics (PC0027)
Women’s apparel (PC0002)"
3HCE TEKSTIL TICARET VE SANAYI ANONIM SIRKETI,Turkey (TR),Yarns,,Esma Cansu Ustundag,,"15 Temmuz Mah. Gulbahar Cad. Nurol Park H No: 45/5 Ic Kapi No: 140,",GCL-302015,GCL International,2024-12-14,Greige Yarns (PC0030) [Super combed yarns (PD0068) 100% Organic Cotton (RM0104)]
3M Orme Kumas San. Ve Tic. Ltd. Sti.,Turkey (TR),Fabrics,,,,Akcaburgaz Mah. 3088 Sokak No: 12/1 Esenyurt,ETKO 00040268,ETKO Ekolojik Tarim Kontrol Organizasyonu Ltd Sti,2024-07-15,Knitted fabrics (PD0058)
3MT MAGAZACILIK TEKSTIL TURIZM VE DANISMANLIK SANAYI TICARET LIMITED SIRKETI,Turkey (TR),"Babywear, Ladieswear, Children's wear, Men's wear",,Burcu Semiz,,"Orucreis Mah. Giyimkent 19. Sk. Giyim Kent O60 No: 134 A,",GCL-300523,GCL International,2024-07-25,"Men's Apparel (PC0001) T shirts
blouses (PD0005) 95% Organic Cotton (RM0104) + 5% Elastane (Spandex) (RM0160)
cardigans (PD0004) 100% Organic Cotton (RM0104) O Children's Apparel (PC0004) Undergarment
cardigans (PD0004) 92% Organic Cotton (RM0104) + 8% Elastane (Spandex) (RM0160) Children's Apparel (PC0004) Undergarment
cardigans (PD0004) 95% Organic Cotton (RM0104) + 5% Elastane (Spandex) (RM0160) Children's Apparel (PC0004) Undergarment
jackets
jackets
jackets
pullovers
pullovers
pullovers
robes (PD0006) 100% Organic Cotton (RM0104) Children's Apparel (PC0004) T shirts
robes (PD0006) 100% Organic Cotton (RM0104) Men's Apparel (PC0001) Pants
robes (PD0006) 100% Organic Cotton (RM0104) Women's Apparel (PC0002) Pants
robes (PD0006) 92% Organic Cotton (RM0104) + 8% Elastane (Spandex) (RM0160) Children's Apparel (PC0004) T shirts
robes (PD0006) 92% Organic Cotton (RM0104) + 8% Elastane (Spandex) (RM0160) Men's Apparel (PC0001) T shirts
robes (PD0006) 92% Organic Cotton (RM0104) + 8% Elastane (Spandex) (RM0160) Women's Apparel (PC0002) T shirts
robes (PD0006) 95% Organic Cotton (RM0104) + 5% Elastane (Spandex) (RM0160) Children's Apparel (PC0004) T shirts
robes (PD0006) 95% Organic Cotton (RM0104) + 5% Elastane (Spandex) (RM0160) Men's Apparel (PC0001) Pants
robes (PD0006) 95% Organic Cotton (RM0104) + 5% Elastane (Spandex) (RM0160) Women's Apparel (PC0002) Pants
singlets (PD0007) 100% Organic Cotton (RM0104) Children's Apparel (PC0004) Suits
singlets (PD0007) 100% Organic Cotton (RM0104) Men's Apparel (PC0001) Pants
singlets (PD0007) 100% Organic Cotton (RM0104) Women's Apparel (PC0002) Undergarment
singlets (PD0007) 92% Organic Cotton (RM0104) + 8% Elastane (Spandex) (RM0160) Children's Apparel (PC0004) Overcoats
singlets (PD0007) 92% Organic Cotton (RM0104) + 8% Elastane (Spandex) (RM0160) Women's Apparel (PC0002) Pants
singlets (PD0007) 92% Organic Cotton (RM0104) + 8% Elastane (Spandex) (RM0160) Children's Apparel (PC0004) Suits
singlets (PD0007) 95% Organic Cotton (RM0104) + 5% Elastane (Spandex) (RM0160) Men's Apparel (PC0001) Undergarment
singlets (PD0007) 95% Organic Cotton (RM0104) + 5% Elastane (Spandex) (RM0160) Women's Apparel (PC0002) Undergarment
singlets (PD0007) 95% Organic Cotton (RM0104) + 5% Elastane (Spandex) (RM0160) Children's Apparel (PC0004) Suits
sleepwear
sleepwear
sleepwear
sleepwear
sleepwear
sleepwear
sleepwear
sleepwear
sleepwear
suit & pants (PD0002) 100% Organic Cotton (RM0104) Children's Apparel (PC0004) Overcoats
suit & pants (PD0002) 92% Organic Cotton (RM0104) + 8% Elastane (Spandex) (RM0160) Babies Apparel (PC0003) Babies' clothing (PD0013) 100% Organic Cotton (RM0104) Babies Apparel (PC0003) Babies' clothing (PD0013) 95% Organic Cotton (RM0104) + 5% Elastane (Spandex) (RM0160) Babies Apparel (PC0003) Babies' clothing (PD0013) 92% Organic Cotton (RM0104) + 8% Elastane (Spandex) (RM0160) Women's Apparel (PC0002) Shirts
suit & pants (PD0002) 95% Organic Cotton (RM0104) + 5% Elastane (Spandex) (RM0160) Children's Apparel (PC0004) Overcoats
trousers (PD0003) 100% Organic Cotton (RM0104) Children's Apparel (PC0004) Sweaters
trousers (PD0003) 100% Organic Cotton (RM0104) Men's Apparel (PC0001) Undergarment
trousers (PD0003) 100% Organic Cotton (RM0104) Women's Apparel (PC0002) T shirts
trousers (PD0003) 92% Organic Cotton (RM0104) + 8% Elastane (Spandex) (RM0160) Children's Apparel (PC0004) Sweaters
trousers (PD0003) 92% Organic Cotton (RM0104) + 8% Elastane (Spandex) (RM0160) Men's Apparel (PC0001) Undergarment
trousers (PD0003) 92% Organic Cotton (RM0104) + 8% Elastane (Spandex) (RM0160) Women's Apparel (PC0002) Undergarment
trousers (PD0003) 95% Organic Cotton (RM0104) + 5% Elastane (Spandex) (RM0160) Men's Apparel (PC0001) T shirts
trousers (PD0003) 95% Organic Cotton (RM0104) + 5% Elastane (Spandex) (RM0160) Women's Apparel (PC0002) T shirts
trousers (PD0003) 95% Organic Cotton (RM0104) + 5% Elastane (Spandex) (RM0160) Children's Apparel (PC0004) Sweaters
vests (PD0001) 100% Organic Cotton (RM0104) Children's Apparel (PC0004) Pants
vests (PD0001) 92% Organic Cotton (RM0104) + 8% Elastane (Spandex) (RM0160) Children's Apparel (PC0004) Pants
vests (PD0001) 95% Organic Cotton (RM0104) + 5% Elastane (Spandex) (RM0160) Children's Apparel (PC0004) Pants"
4DTeks Tekstil Imalat Pazarlama Tic. Ltd. Sti.,Turkey (TR),"Accessories, Babywear, Ladieswear, Children's wear, Men's wear, Product category (other)",,,,A.Nafiz Gurman Mh.General Ali Riza Gurcan Cd.N.27/81 Gungoren,ETKO 00041685,ETKO Ekolojik Tarim Kontrol Organizasyonu Ltd Sti,2024-03-06,"Socks
hosiery(PD0009)Babies' clothing(PD0013)Babies'accessories(PD0014)Pants
sportswear(PD0008)
trousers (PD0003)Activewear"
4P EMPRIME TICARET VE SANAYI LTD.STI,Turkey (TR),"Ladieswear, Children's wear, Fabrics, Men's wear",,,,15 Temmuz Mah. 1506. Sk. No: 5 Ic Kapi No: 1B1 Bagcilar,196018,Intertek Testing Services,2024-01-24,"Other (Cut Panels)
Pants
T-shirts
singlets
trousers"
4S TEKSTIL SANAYI VE TICARET LIMITED SIRKETI,Turkey (TR),"Fabrics, Yarns",,Gizem Cakir,,Yakuplu Mah. Birlik Cad. - Mc Is Merkezi No: 10 Ic Kapi No: 3,GCL-300867,GCL International,2024-05-02,Dyed fabrics (PC0025)[ Knitted Fabrics (PD0058) 100% Organic Cotton (RM0104)] Dyed fabrics (PC0025)[ Knitted Fabrics (PD0058) 95% Organic Cotton (RM0104) + 5% Elastane (Spandex) (RM0160) ] Greige fabrics (PC0026) [Knitted Fabrics (PD0058) 100% Organic Cotton (RM0104) ] Greige fabrics (PC0026) [Knitted Fabrics (PD0058) 95% Organic Cotton (RM0104) + 5% Elastane (Spandex) (RM0160) ] Dyed Yarns (PC0029) [Carded Yarns (PD0067) 100% Organic Cotton (RM0104)]
529 LLC dba Knickey,United States (US),"Ladieswear, Accessories",,,cayla@knickey.com,,CU1201306GOTS-2023-00014592,Control Union Certifications,2024-02-22,"Bralettes] (PD0006) 95.0%Organic Cotton (RM0104) 5.0%Elastane (Spandex) (RM0160) Organic Worn accessories (PC0012) Scarves
Carried accessories (PC0011) Bags
handbags
hosiery (PD0009) 22.0%Polyamide (Nylon) (RM0182) 2.0%Elastane (Spandex) (RM0160) 76.0%Organic Cotton (RM0104) Made With Organic Women's apparel (PC0002) T-shirts
pouches [Bodies Tote] (PD0024) 100.0%Organic Cotton (RM0104) Organic Men's apparel (PC0001) Undergarment
robes (PD0006) 100.0%Organic Cotton (RM0104) Organic Women's apparel (PC0002) Undergarment
robes (PD0006) 95.0%Organic Cotton (RM0104) 5.0%Elastane (Spandex) (RM0160) Organic Women's apparel (PC0002) Pants
robes [Undies
shawls
singlets (PD0007) 5.0%Elastane (Spandex) (RM0160) 95.0%Organic Cotton (RM0104) Organic Women's apparel (PC0002) T-shirts
singlets [Tank Top] (PD0007) 95.0%Organic Cotton (RM0104) 5.0%Elastane (Spandex) (RM0160) Organic Women's apparel (PC0002) Undergarment
sleepwear
sleepwear
sleepwear
totes
trousers (PD0003) 100.0%Organic Cotton (RM0104) Organic Women's apparel (PC0002) Pants
trousers [Sweatpants] (PD0003) 95.0%Organic Cotton (RM0104) 5.0%Elastane (Spandex) (RM0160) Organic Women's apparel (PC0002) Socks
veils [Face Mask] (PD0028) 5.0%Elastane (Spandex) (RM0160) 95.0%Organic Cotton (RM0104) Organic"
"5D, LDA",Portugal (PT),Garments,,,,,CB-GOTS-CUC-03- 1015217,Control Union Certifications,2024-10-20,"Men's apparel (PC0001) Pants
jackets
jackets
jackets
trousers (PD0003) 1.0%Elastane (Spandex) (RM0160) 99.0%Organic Cotton (RM0104) Organic Women's apparel (PC0002) Pants
trousers (PD0003) 100.0%Organic Cotton (RM0104) Organic Men's apparel (PC0001) Pants
trousers (PD0003) 100.0%Organic Cotton (RM0104) Organic Men's denim apparel (PC0006) Pants
trousers (PD0003) 100.0%Organic Cotton (RM0104) Organic Women's apparel (PC0002) Overcoats
trousers (PD0003) 2.0%Elastane (Spandex) (RM0160) 98.0%Organic Cotton (RM0104) Organic Men's apparel (PC0001) Overcoats
vests (PD0001) 100.0%Organic Cotton (RM0104) Organic
vests (PD0001) 100.0%Organic Cotton (RM0104) Organic Men's denim apparel (PC0006) Overcoats
vests (PD0001) 100.0%Organic Cotton (RM0104) Organic Men's denim apparel (PC0006) Pants"
"6Dias Têxteis Internacionais, Lda",Portugal (PT),Fabrics,,,sustentabilidade@6dias.pt,,CB-GOTS-CUC-03- 1071179,Control Union Certifications,2024-11-03,Dyed fabrics (PC0025) Woven fabrics (PD0059) 3.0% Elastane (Spandex) (RM0160) 97.0% Organic Cotton (RM0104) Organic Greige fabrics (PC0026) Woven fabrics (PD0059) 100.0% Organic Cotton (RM0104) Organic Greige fabrics (PC0026) Woven fabrics (PD0059) 3.0% Elastane (Spandex) (RM0160) 97.0% Organic Cotton (RM0104) Organic Undyed fabrics (PC0027) Woven fabrics (PD0059) 100.0% Organic Cotton (RM0104) Organic Undyed fabrics (PC0027) Woven fabrics (PD0059) 3.0% Elastane (Spandex) (RM0160) 97.0% Organic Cotton (RM0104) Organic Undyed fabrics (PC0027) Woven fabrics (PD0059) 96.0% Organic Cotton (RM0104) 4.0% Elastane (Spandex) (RM0160) Organic Undyed fabrics (PC0027) Woven fabrics (PD0059) 100.0%Organic Cotton (RM0104) Organic Undyed fabrics (PC0027) Woven fabrics (PD0059) 3.0%Elastane (Spandex) (RM0160) 97.0%Organic Cotton (RM0104) Organic Undyed fabrics (PC0027) Woven fabrics (PD0059) 4.0%Elastane (Spandex) (RM0160) 96.0%Organic Cotton (RM0104) Organic
7 Seas Impex,India (IN),"Fabrics, Yarns, Product category (other)",,Mr. Asharam Chavda,sales@aasthaspintex.com,"316-Shreemahalaxmi Complex, Opp. Saint Mary's High School, Kalawad Road,",CU 860921,Control Union Certifications,2024-10-25,Greige yarns (PC0030) Normally combed yarns (PD0102) -100.0% In Conversion Cotton (RM0103) Greige yarns (PC0030) Carded yarns (PD0067) -100.0% In Conversion Cotton (RM0103) Greige yarns (PC0030) Normally combed yarns (PD0102) -100.0% Organic Cotton (RM0104) Greige yarns (PC0030) Carded yarns (PD0067) -100.0% Organic Cotton (RM0104) Greige fabrics (PC0026) Knitted fabrics (PD0058) -100.0% Organic Cotton (RM0104) Greige fabrics (PC0026) Woven fabrics (PD0059) -100.0% Organic Cotton (RM0104) Greige yarns (PC0030) Carded yarns (PD0067) -100.0% Organic Cotton (RM0104) Greige yarns (PC0030) Normally combed yarns (PD0102) -100.0% Organic Cotton (RM0104) Undyed fibers (PC0034) Combed fibers (PD0077) -100.0% Organic Cotton (RM0104) Undyed fibers (PC0034) Lint cotton (PD0074) -100.0% Organic Cotton (RM0104)
"909, Lda",Portugal (PT),"Ladieswear, Children's wear, Men's wear, Garments",,,,,CTV-230003,CTV – Certificação de Têxteis e de Vestuário,2024-11-14,"Sweaters
T-shirts
cardigans
pullovers
singlets"
A & A Trousers Limited,Bangladesh (BD),"Children's wear, Ladieswear, Men's wear",,,,"Haribaritek, Pubail College Gate, Pubail, Gazipur Sadar, Gazipur-1721, Bangladesh",00053009,CCPB Certificazione e Controllo Prodotti Biologici ltd,2024-03-12,"Children`s apparel (PC0004) Product details: Overcoats
Men`s apparel (PC0001)
Men`s denim apparel (PC0006)
Pants
Product categories: Women`s denim apparel (PC0007)
Women`s apparel (PC0002)
jackets
trousers (PD0003)
vests (PD0001)"
A & C STRAGIER s.r.l.,Belgium (BE),Fabrics,,Nicolas FONTAINE,nicolas@stragier.com,Le Weya (NVS) 1,00233161,Ecocert Greenlife,2024-02-09,Knitted Fabrics (PD0058) Woven fabrics (PD0059)
A and A Eco Products,India (IN),"Fabrics, Product category (other)",,,,"D-18, Indira Enclave, Neb Sarai,",190111-GOTS,Intertek Testing Services,2024-10-13,Knitted fabrics Woven fabrics Other (Knitted) Other (Woven)
A B & CO,India (IN),"Raw Fibres, Yarns",,,,"30, ADARSH SOC, SWASTIK CHAR RASTA, C G ROAD",229859,Intertek Testing Services,2024-09-24,Undyed fibers | PC0034 Greige yarns | PC0030
A BLUES CLOTHING,India (IN),"Babywear, Children's wear, Ladieswear, Men's wear, Yarns, Accessories",,,,"S. F. No. 341/2 C, D. No. 2/280- C, Gandhi Nagar, Nerupparichal Village,",USB 003151,USB Certification,2024-02-06,"Pants
blouses (PD0005) - 100% organic cotton (RM0104) T-shirts
blouses (PD0005) - 95% organic cotton (RM0104) + 5% elastane (RM0160) T-shirts
blouses (PD0005) - 97% organic cotton (RM0104) + 3% elastane (RM0160) Shirts
caps
caps
caps
caps
hand covering (PD0026) - 100% organic cotton (RM0104) Shirts
head coverings (PD0030) - 100% organic cotton (RM0104) Hats
head coverings (PD0030) - 95% organic cotton (RM0104) + 5% elastane (RM0160) Babies accessories (PD0014) - 100% organic cotton (RM0104) Babies clothing (PD0013) - 97% organic cotton (RM0104) + 3% elastane (RM0160) Babies accessories (PD0014) - 97% organic cotton (RM0104) + 3% elastane (RM0160) Overcoats
head coverings (PD0030) - 95% organic cotton (RM0104) + 5% elastane (spandex) (RM0160) Other (PD0100) - (Hair Band) - 95% organic cotton (RM0104) + 5% elastane (spandex) (RM0160) Other (PD0100) - (Hair Band) - 100% organic cotton (RM0104)
head coverings (PD0030) - 96% organic cotton (RM0104) + 4% elastane (RM0160) Hats
jackets
mittens
robes (PD0006) - 95% organic cotton (RM0104) + 5% elastane (RM0160) T-shirts
singlets (PD0007) - 100% organic cotton (RM0104) Dresses
singlets (PD0007) - 94% organic cotton (RM0104) + 6% elastane (RM0160) Babies clothing (PD0013) - 100% organic cotton (RM0104) Babies clothing (PD0013) - 95% organic cotton (RM0104) + 5% elastane (RM0160) Hats
singlets (PD0007) - 95% organic cotton (RM0104) + 5% elastane (RM0160) T-shirts
singlets (PD0007) - 97% organic cotton (RM0104) + 3% elastane (RM0160) Dresses
skirts (PD0011) - 100% organic cotton (RM0104) Pants
skirts (PD0011) - 95% organic cotton (RM0104) + 5% elastane (RM0160) Shirts
skirts (PD0011) - 97% organic cotton (RM0104) + 3% elastane (RM0160) Activewear
sleepwear
sportswear (PD0008) - 95% organic cotton (RM0104) + 5% elastane (RM0160) Dresses
trousers (PD0003) - 100% organic cotton (RM0104) Gloves
trousers (PD0003) - 95% organic cotton (RM0104) + 5% elastane (RM0160) Undergarment
trousers (PD0003) - 97% organic cotton (RM0104) + 3% elastane (RM0160) Pants
vests (PD0001) - 97% organic cotton (RM0104) + 3% elastane (RM0160) Babies clothing (PD0013) - 96% organic cotton (RM0104) + 4% elastane (RM0160) Babies accessories (PD0014) - 96% organic cotton (RM0104) + 4% elastane (RM0160) Babies accessories (PD0014) - 95% organic cotton (RM0104) + 5% elastane (RM0160) Hats"
A Holt & Sons Ltd,United Kingdom (GB),"Fabrics, Accessories, Home Textiles",,,,,DK19534,Soil Association Certification Ltd.,2024-06-30,"Cotton muslin
Tote bags.
cotton calico
make-up products"
A K HOME DESIGN,India (IN),"Accessories, Babywear, Fabrics, Home Textiles, Yarns",,,,"D.NO / PLOT NO: 27/2, KAMARAJAPURAM WEST, VELAMMAL LAYOUT",233929,Intertek Testing Services,2024-12-04,Greige fabrics | PC0026 Carried accessories | PC0011 Dyed yarns | PC0029 Outdoor | PC0018 Greige yarns | PC0030 Babies' apparel | PC0003 Home textiles | PC0010 Dyed fabrics | PC0025 Worn accessories | PC0012
A ONE CREATIONS,India (IN),Fabrics,,,,"I-72, SECTOR 9, NOIDA, Gautam Buddha Nagar",CMPY-160606-GOTS,Intertek Testing Services,2024-06-14,Special fabrics Woven fabrics
"A Quinta & Filhos, S.A.",Portugal (PT),Fabrics,,,comercial@aquinta.pt,"Rua Industrial, 730 A Barcelos, 4750-841 Braga",013739,IDFL,2024-02-13,
A S International,India (IN),"Babywear, Children's wear, Fabrics, Accessories, Home Textiles",,,asinternationalonline@gmail.com,,ICEA-TX-452,ICEA Istituto per la Certificazione Etica e Ambientale,2024-08-07,"Babies' apparel (PC0003)
Bedding (PC0015)
Carried accessories (PC0011)
Children's apparel (PC0004)
Children's apparel (PC0004)
Home textiles (PC0010)
Home textiles (PC0010)
Printed Fabrics (PC0039)"
"A Textil de Serzedelo, S.A.",Portugal (PT),"Fabrics, Yarns",,,,,CB-GOTS-CUC-03- 1005254,Control Union Certifications,2024-10-28,Dyed fabrics Woven fabrics 100.0%Organic Cotton Organic Dyed fabrics Woven fabrics 100.0%Organic Flax (Linen) Organic Dyed yarns Combed yarns 100.0%Organic Cotton Organic Undyed fabrics Woven fabrics 100.0%Organic Cotton Organic Undyed fabrics Woven fabrics 100.0%Organic Flax (Linen) Organic
A ZETA FILATI SRL,Italy (IT),Yarns,,Nicoletta Pollastri,amministrazione@azetafilati.it,,ICEA-TX-21,ICEA Istituto per la Certificazione Etica e Ambientale,2024-06-14,"Dyed yarns (PC0029)
Greige yarns (PC0030)"
A-dam Underwear B.V.,Netherlands (NL),"Garments, Underwear, Socks",,,,,CU 1002720,Control Union Certifications,2024-04-13,"Footwear / Socks
cardigans - 100.0% Organic Cotton Unisex apparel / T-shirts
hosiery - 14.0% Conventional Polyamide (Nylon) + 2.0% Conventional Elastane (Spandex) + 84.0% Organic Cotton Footwear / Socks
hosiery [Unisex Sport socks] - 25.0% Recycled Pre-Consumer Polyamide (Nylon) + 5.0% Conventional Elastane (Spandex) + 70.0% Organic Cotton Unisex apparel / Sweaters
pullovers
robes + 95.0% Organic Cotton + 5.0% Conventional Elastane (Spandex)
robes - 100.0% Organic Cotton Unisex apparel / Undergarment
singlets - 5.0% Conventional Elastane (Spandex) + 95.0% Organic Cotton Unisex apparel / Undergarment
sleepwear
sleepwear"
A-Tex Home Collection,India (IN),"Accessories, Fabrics, Home Textiles, Yarns",,,,"New No.23 Kamatchiamman Kovil Street 1st Cross,",GCL-300182,GCL International,2024-11-09,"Cushions (PD0023) 100% Organic Cotton (RM0104) Home Textiles (PC0010) Bed linen
Floor Coverings (PD0022) 100% Organic Cotton (RM0104) Home Textiles (PC0010) Pillows
Home Textiles (PC0010) Blankets
Pouches (PD0024) 100% Organic Cotton (RM0104) Worn Accessories (PC0012) Aprons (PD0100) 100% Organic Cotton (RM0104) Greige fabrics (PC0026) Woven Fabrics (PD0059) 100% Organic Cotton (RM0104) Dyed fabrics (PC0025) Woven Fabrics (PD0059) 100% Organic Cotton (RM0104) Dyed fabrics (PC0025) Cut Panels (PD0100) 100% Organic Cotton (RM0104) Greige Yarns (PC0030) Super combed yarns (PD0068) 100% Organic Cotton (RM0104) Dyed Yarns (PC0029) Super combed yarns (PD0068) 100% Organic Cotton (RM0104)
Rugs
bed sheets (PD0015) 100% Organic Cotton (RM0104) Home Textiles (PC0010) Table linen
bedspreads
blinds (PD0020) 100% Organic Cotton (RM0104) Worn Accessories (PC0012) Gloves
hand covering (PD0026) 100% Organic Cotton (RM0104) Home Textiles (PC0010) Carpets
handbags
kitchen linen
mittens
napkins (PD0016) 100% Organic Cotton (RM0104) Home Textiles (PC0010) Towels
quilts (PD0019) 100% Organic Cotton (RM0104) Home Textiles (PC0010) Curtains
tablecloth
toilet linen (PD0017) 100% Organic Cotton (RM0104) Carried Accessories (PC0011) Bags
totes"
A. Berger GmbH,Germany (DE),Fabrics,,,,,1018427,Control Union Certifications,2024-01-25,Dyed fabrics (PC0025) Woven fabrics (PD0059) 100.0%Organic Cotton (RM0104) Undyed fabrics (PC0027) Knitted fabrics (PD0058) 100.0%Organic Cotton (RM0104) Undyed fabrics (PC0027) Woven fabrics (PD0059) 100.0%Organic Cotton (RM0104)
A. E. Rudolph A/S,Denmark (DK),"Accessories, Home Textiles",,Helene Vogelius Lyth,helene@rudolphcare.com,Antoinettevej 3,112132,Ecocert Greenlife,2024-09-30,"100% Organic Cotton (RM0104)
100% Organic Cotton (RM0104) Home textiles (PC0010)
Bags
Carried accessories (PC0011)
Towels
handbags
kitchen linen
pouches (PD0024)
toilet linen (PD0017)
totes"
"A. F. Têxteis, Lda.",Portugal (PT),Fabrics,,,,,CB-GOTS-CUC-03- 1089435,Control Union Certifications,2024-05-10,Undyed fabrics (PC0027) Knitted fabrics (PD0058) 100.0%Organic Cotton (RM0104) Organic Undyed fabrics (PC0027) Knitted fabrics (PD0058) 2.0%Elastane (Spandex) (RM0160) 98.0%In Conversion Cotton (RM0103) Organic - In Conversion Undyed fabrics (PC0027) Knitted fabrics (PD0058) 2.0%Elastane (Spandex) (RM0160) 98.0%Organic Cotton (RM0104) Organic
"A. F. Vilas Boas - Malhas & Bordados, Lda",Portugal (PT),"Babywear, Garments, Home Textiles",,Pedro Rodrigues,qualidade@afvilasboas.pt,"Rua da Etar, nº 331 - Vila Frescaínha (S. Pedro)",CTV-130326,CTV – Certificação de Têxteis e de Vestuário,2024-06-01,"Overcoats
bed sheets (PD0015) Table linen
blouses (PD0005) Undergarment
cardigans (PD0004) Shirts
cardigans] (PD0010) Workwear
jackets
jackets
kitchen linen
napkins (PD0016) Towels
pullovers
pullovers
robes (PD0006) T-shirts
singlets (PD0007) Activewear
singlets] (PD0010) Dresses
skirts (PD0011) Babies' clothing (PD0013) Bed linen
sleepwear
sportswear (PD0008) Workwear
suit- pants (PD0002) Pants
tablecloth
toilet linen (PD0017)
trousers (PD0003) Sweaters
trousers] (PD0010) Workwear
uniforms [Overcoats
uniforms [Pants
uniforms [Sweaters
uniforms [T-shirts
vests (PD0001) Suits
vests] (PD0010) Workwear"
"A. Ferreira - Sociedade Têxteis, Lda",Portugal (PT),Fabrics,,,,,CB-GOTS-CUC-03- 1015956,Control Union Certifications,2024-11-19,Undyed fabrics (PC0027) Knitted fabrics (PD0058) Dyed fabrics (PC0025) Knitted fabrics (PD0058) Undyed yarns (PC0031) Normally combed yarns (PD0102)
A. Ferreira & Filhos S.A.,Portugal (PT),"Babywear, Garments, Home Textiles",,,,,CB-GOTS-CUC-03- 1015660,Control Union Certifications,2024-06-09,"Babies' apparel (PC0003) Babies' clothing (PD0013) 100.0%Organic Cotton (RM0104) Organic Babies' apparel (PC0003) Babies' clothing (PD0013) 20.0%Camel (RM0014) 80.0%Organic Cotton (RM0104) Organic Babies' apparel (PC0003) Babies' clothing (PD0013) 5.0%Cashmere (RM0020) 95.0%Organic Cotton (RM0104) Organic Home textiles (PC0010) Blankets
bedspreads
bedspreads
bedspreads
caps
cardigans (PD0004) 100.0%Organic Cotton (RM0104) Organic
cardigans (PD0004) 100.0%Organic Cotton (RM0104) Organic Unisex apparel (PC0005) Hats
head coverings [Gorro] (PD0030) 100.0%Organic Cotton (RM0104) Organic Unisex apparel (PC0005) Scarves
kitchen linen
pullovers
pullovers
quilts (PD0019) 100.0%In Conversion Cotton (RM0103) Organic - In Conversion Home textiles (PC0010) Blankets
quilts (PD0019) 100.0%Organic Cotton (RM0104) Organic Home textiles (PC0010) Blankets
quilts (PD0019) 100.0%Organic Wool (RM0079) Organic Home textiles (PC0010) Towels
shawls
toilet linen (PD0017) 100.0%Organic Cotton (RM0104) Organic Men's apparel (PC0001) Sweaters
veils [Cachecol] (PD0028) 100.0%Organic Cotton (RM0104) Organic Women's apparel (PC0002) Sweaters"
A. G. DRESSES LIMITED.,Bangladesh (BD),"Babywear, Ladieswear, Children's wear, Men's wear",,Hasan,,"Plot # 09, Block # C, Tongi I/A, Himardighi",USB 004153,USB Certification,2024-08-01,"Pants
blouses (PD0005) - 100% organic cotton (RM0104) Pants
blouses (PD0005) - 95% organic cotton (RM0104) + 5% elastane (RM0160) Pants
blouses (PD0005) - 95% organic cotton (RM0104) + 5% viscose (rayon) (RM0238)
skirts (PD0011) - 100% organic cotton (RM0104) Pants
trousers (PD0003) - 100% organic cotton (RM0104) Shirts
trousers (PD0003) - 90% organic cotton (RM0104) + 5% viscose (rayon) (RM0238) + 5% elastane (RM0160) Shirts
trousers (PD0003) - 95% organic cotton (RM0104) + 5% elastane (RM0160) Dresses
trousers (PD0003) - 95% organic cotton (RM0104) + 5% viscose (rayon) (RM0238) Babies clothing (PD0013) - 100% organic cotton (RM0104) Shirts"
"A. J. Gonçalves, S.A.",Portugal (PT),Accessories,,,,,1048944,Control Union Certifications,2024-11-18,"Women's apparel (PC0002) Socks
hosiery (PD0009)
hosiery (PD0009) Children's apparel (PC0004) Socks
hosiery (PD0009) Men's apparel (PC0001) Socks
hosiery (PD0009) Unisex apparel (PC0005) Socks"
A. J. Textile Mills Limited,Pakistan (PK),"Raw Fibres, Yarns",,,zahid.ali@azizgrp.com,"Plot No. 209, Road No. 6, Gadoon Industrial Estate, Gadoon Amazai,",CU 819172,Control Union Certifications,2024-02-14,Greige yarns (PC0030) Carded yarns (PD0067) 100.0%Organic Cotton (RM0104) Greige yarns (PC0030) Carded yarns (PD0067) 95.0%Organic Cotton (RM0104) 5.0%Elastane (Spandex) (RM0160) Greige yarns (PC0030) Carded yarns (PD0067) 2.0%Elastane (Spandex) (RM0160) 98.0%Organic Cotton (RM0104) Greige yarns (PC0030) Normally combed yarns (PD0102) 100.0%Organic Cotton (RM0104) Undyed fibers (PC0034) Comber noil (PD0082) 100.0%Organic Cotton (RM0104)
A. Kudrešovo Firma,Lithuania (LT),"Ladieswear, Garments",,Vaida Petkūnienė,vaida@kudreshov.com,,CERES-1008,Ceres,2024-09-07,"Brassieres
T-shirts singlets (PD0007)
Undergarment sleepwear robes (PD0006)
garters (PD0012)
suspenders"
A. Sampaio & Filhos - Têxteis S.A.,Portugal (PT),Fabrics,,,,,CB-GOTS-CUC-03- 855955,Control Union Certifications,2024-02-11,Dyed fabrics (PC0025) Knitted fabrics (PD0058) 100.0%Organic Cotton (RM0104) Organic Dyed fabrics (PC0025) Knitted fabrics (PD0058) 100.0%Organic Wool (RM0079) Organic Dyed fabrics (PC0025) Knitted fabrics (PD0058) 70.0%Organic Cotton (RM0104) 30.0%Flax (Linen) (RM0108) Made With Organic Dyed fabrics (PC0025) Knitted fabrics (PD0058) 78.0%Organic Cotton (RM0104) 22.0%Flax (Linen) (RM0108) Made With Organic Dyed fabrics (PC0025) Knitted fabrics (PD0058) 78.0%Organic Cotton (RM0104) 22.0%Recycled pre/post-consumer Polyester (RM0187) Made With Organic Dyed fabrics (PC0025) Knitted fabrics (PD0058) 3.0%Elastane (Spandex) (RM0160) 17.0%Recycled pre/post-consumer Polyester (RM0187) 80.0%Organic Cotton (RM0104) Made With Organic Dyed fabrics (PC0025) Knitted fabrics (PD0058) 13.0%Recycled pre/post-consumer Polyester (RM0187) 87.0%Organic Cotton (RM0104) Made With Organic – In Conversion Dyed fabrics (PC0025) Knitted fabrics (PD0058) 8.0%Recycled pre/post-consumer Polyester (RM0187) 3.0%Elastane (Spandex) (RM0160) 89.0%Organic Cotton (RM0104) Made With Organic Dyed fabrics (PC0025) Knitted fabrics (PD0058) 10.0%Elastane (Spandex) (RM0160) 90.0%Organic Cotton (RM0104) Made With Organic Dyed fabrics (PC0025) Knitted fabrics (PD0058) 92.0%Organic Cotton (RM0104) 8.0%Elastane (Spandex) (RM0160) Made With Organic Dyed fabrics (PC0025) Knitted fabrics (PD0058) 5.0%Elastane (Spandex) (RM0160) 95.0%Organic Cotton (RM0104) Organic Dyed fabrics (PC0025) Knitted fabrics (PD0058) 96.0%Organic Cotton (RM0104) 4.0%Elastane (Spandex) (RM0160) Organic Dyed fabrics (PC0025) Knitted fabrics (PD0058) 3.0%Elastane (Spandex) (RM0160) 97.0%Organic Cotton (RM0104) Organic Dyed fabrics (PC0025) Knitted fabrics (PD0058) 98.0%Organic Cotton (RM0104) 2.0%Elastane (Spandex) (RM0160) Organic Dyed fabrics (PC0025) Knitted fabrics (PD0058) 1.0%Elastane (Spandex) (RM0160) 99.0%Organic Cotton (RM0104) Organic Undyed fabrics (PC0027) Knitted fabrics (PD0058) 87.0%Organic Cotton (RM0104) 13.0%Recycled pre/post-consumer Polyester (RM0187) Made With Organic Undyed fabrics (PC0027) Knitted fabrics (PD0058) 2.0%Elastane (Spandex) (RM0160) 98.0%Organic Cotton (RM0104) Organic Undyed fabrics (PC0027) Knitted fabrics (PD0058) 100.0%Organic Cotton (RM0104) Organic Undyed yarns (PC0031) Normally combed yarns (PD0102) 100.0%Organic Cotton (RM0104) Organic
A.B EXPORTS PVT LTD,Pakistan (PK),"Ladieswear, Fabrics, Men's wear, Home Textiles",,,,"CHAK#120 RB, LASSANI PULLI, KHYABAN GARDEN, SARGODHA ROAD",USB 005678,USB Certification,2024-05-23,"Woven fabrics (PD0059) - 100% organic cotton (RM0104) Shirts
bed sheets (PD0015) - 100% organic silk (RM0067)
blouses (PD0005) - 100% organic cotton (RM0104) T-shirts
singlets (PD0007) - 100% organic cotton (RM0104) Pants
trousers (PD0003) - 100% organic cotton (RM0104) Bed linen"
A.G. LAMBRUGO & FIGLI SRL,Italy (IT),Fabrics,,Stefano Lambrugo,STE.LAMBRUGO@GMAIL.COM,Via Xx Settembre 38,ICEA-TX-1490,ICEA Istituto per la Certificazione Etica e Ambientale,2024-11-28,Dyed fabrics (PC0025)
A.G.C. SRL,Italy (IT),Product category (other),,Irne Ghizzoni,irene@agcsrl.com,"VIA PINTOR, 15",ICEA-TX-1624,ICEA Istituto per la Certificazione Etica e Ambientale,2024-05-22,"Carried accessories (PC0011)
Functional accessories (PC0017)"
A.G.M. DI ACCIAIOLI E C. SRL,Italy (IT),Fabrics,,,agm@agmtex.it,VIA DELL'INDUSTRIA 78,1110381,Control Union Certifications,2024-07-20,Dyed fabrics (PC0025) Woven fabrics (PD0059) 100.0%Organic Cotton (RM0104)
A.M. EXPO FAB,India (IN),"Fabrics, Yarns",,M. Sethuraman,amsethuraman@gmail.com,"11D/C, 12TH CROSS, VIVEKANANDA NAGAR, SENGUNTHAPURAM POST",EGL/228993,Ecocert Greenlife,2024-09-30,"Carded Yarn (PD0067)- 100% Organic Cotton (RM0104)
Open-end yarns (PD0066)- 100% Organic Cotton (RM0104)"
A.Q TEXTILES (PVT) LTD,Pakistan (PK),Accessories,,,,"APPARTMENT NO 3/4 ST NO 1, 2ND FLOOR REHMAN CENTER",USB TEX2037,USB Certification,2024-03-15,"Bags
handbags
pouches (PD0024) 100% organic cotton (RM0104)
totes"
A.R Apparels (Pvt) Ltd.,Pakistan (PK),Garments,,,bilal@artapparels.com,"R.B 200, Gutwala Lathianwala Road, opposite Al-Aziz Packages,",1099199,Control Union Certifications,2024-03-14,"Unisex apparel (PC0005) Overcoats
jackets
trousers (PD0003) 100.0%Organic Cotton (RM0104)
vests (PD0001) 100.0%Organic Cotton (RM0104) Unisex apparel (PC0005) Pants"
A.R. EXPORTS,India (IN),Fabrics,,Mr.Tushar Jinsal,ar_exports@yahoo.com,,276533,Ecocert Greenlife,2024-03-05,"10%Flax (RM0108)
15%Flax (RM0108)
2%Elastane (RM0160)
20%Flax (RM0108)
25%Flax (RM0108)
3%Elastane (RM0160)
30%Flax (RM0108)
5%Elastane (RM0160)
5%Flax (RM0108)
7%Elastane (RM0160)
Greige fabrics (PC0026)- Woven fabrics (PD0059)- 85% Organic Cotton (RM0104)
Greige fabrics (PC0026)- Woven fabrics (PD0059)- 90% Organic Cotton (RM0104)
Greige fabrics (PC0026)- Woven fabrics (PD0059)- 95% Organic Cotton (RM0104)
Greige fabrics (PC0026)- Woven fabrics (PD0059)- 95% Organic Cotton (RM0104)
Greige fabrics (PC0026)- Woven fabrics (PD0059)- 97% Organic Cotton (RM0104)
Greige fabrics (PC0026)- Woven fabrics (PD0059)- 98% Organic Cotton (RM0104)
Greige fabrics (PC0026)- Woven fabrics (PD0059)- 100% Organic Cotton (RM0104)
Greige fabrics (PC0026)- Woven fabrics (PD0059)- 70% Organic Cotton (RM0104)
Greige fabrics (PC0026)- Woven fabrics (PD0059)- 75% Organic Cotton (RM0104)
Greige fabrics (PC0026)- Woven fabrics (PD0059)- 80% Organic Cotton (RM0104)
Greige fabrics (PC0026)- Woven fabrics (PD0059)- 93% Organic Cotton (RM0104)"
A.V. CREATIONS,India (IN),Fabrics,,,,"Shop No- 2004, Vikas Logistic Park, KUMBHARIYA",231279,Intertek Testing Services,2024-10-19,
A/S Vest-tex Mayflower,Denmark (DK),Yarns,,,,,1185986,Control Union Certifications,2024-11-23,
a&n&a GmbH & Co. KG,Germany (DE),Home Textiles,,Sarah Wolf,sarah.wolf@ana-aqualine.de,,269122,Ecocert Greenlife,2024-10-11,"100% Organic Cotton (RM0104)
Home Textiles (PC0010)
Towels
kitchen linen
toilet linen (PD0017)"
A1 COTTON NET FABRIC,India (IN),Fabrics,,,,"1/386, THANGAVEL COMPOUND, ERODE MAIN ROAD, AUTHUR PIRIVU, AATHUR",223448,Intertek Testing Services,2024-03-15,
A1 COTTON NET FABRIC,India (IN),Fabrics,,,,"1/386, THANGAVEL COMPOUND, ERODE MAIN ROAD, AUTHUR PIRIVU, AATHUR",223448,Intertek Testing Services,2024-03-15,Dyed fabrics | PC0025 Greige fabrics | PC0026 Undyed fabrics | PC0027
"A1 Home Collections LLC, DBA DELARA",United States (US),"Home Textiles, Product category (other)",,,akshaybahl@a1homecollections.com,"6801 114th Avenue North Unit C Largo, 33773",011010,IDFL,2024-06-18,Product category (other) - Bedding (PC0015) Bedding (PC0015) Mattresses (PD0034) Organic Cotton (RM0104) GOTS (Organic) 21427 Home Textiles (PC0010) Bed Linen (PD0015) Organic Cotton (RM0104) GOTS (Organic) 21427 Home Textiles (PC0010) Bed Sheets (PD0015) Organic Cotton (RM0104) GOTS (Organic) 21427 Home Textiles (PC0010) Bedspreads (PD0019) Organic Cotton (RM0104) GOTS (Organic) 21427 Home Textiles (PC0010) Blankets (PD0019) Organic Cotton (RM0104) GOTS (Organic) 21427 Home Textiles (PC0010) Curtains (PD0020) Organic Cotton (RM0104) GOTS (Organic) 21427 Home Textiles (PC0010) Cushions (PD0023) Organic Cotton (RM0104) GOTS (Organic) 21427 Home Textiles (PC0010) Napkins (PD0016) Organic Cotton (RM0104) GOTS (Organic) 21427 Home Textiles (PC0010) Pillows (PD0023) Organic Cotton (RM0104) GOTS (Organic) 21427 Home Textiles (PC0010) Quilts (PD0019) Organic Cotton (RM0104) GOTS (Organic) 21427 Home Textiles (PC0010) Table Linen (PD0016) Organic Cotton (RM0104) GOTS (Organic) 21427 Home Textiles (PC0010) Towels (PD0017) Organic Cotton (RM0104) GOTS (Organic) 21427
AA Canvas Company,India (IN),Fabrics,,ASHOK KUMAR,ashok@aacanvas.co,"177-A, Azad Market",217155,Ecocert Greenlife,2023-12-31,"Dyed Woven fabrics (PD0059) -100% Organic Cotton (RM0104)
Grey Woven fabrics (PD0059)- 100% Organic Cotton (RM0104)"
AA Coarse Spun Limited,Bangladesh (BD),Yarns,,,,Sreepur,197235,Intertek Testing Services,2024-02-18,Carded yarns | PD0067 Open-end yarns | PD0066
AA Yarn Mills Ltd,Bangladesh (BD),"Raw Fibres, Yarns",,,,"Nagar Howla, Sreepur",CB-GOTS-CUC-03- 896217,Control Union Certifications,2024-07-26,Greige yarns (PC0030) / Carded yarns (PD0067) - 100% Organic Cotton (RM0104) Undyed fibers (PC0034) / Lint cotton (PD0074) - 100% Organic Cotton (RM0104)
AAA Solutions,Pakistan (PK),"Ladieswear, Men's wear",,Rehan Majeed Khan,,"PLOT NO. 51, SECTOR-12/C, NORTH KARACHI INDUSTRIAL AREA,,",GCL-302247,GCL International,2024-05-07,"Men's Apparel (PC0001) Pants
cardigans (PD0004) 100% Organic Cotton (RM0104)
cardigans (PD0004) 100% Organic Cotton (RM0104) Women's Apparel (PC0002) Sweaters
pullovers
pullovers
singlets (PD0007) 100% Organic Cotton (RM0104) Men's Apparel (PC0001) Sweaters
singlets (PD0007) 100% Organic Cotton (RM0104) Women's Apparel (PC0002) T shirts
trousers (PD0003) 100% Organic Cotton (RM0104) Men's Apparel (PC0001) T shirts
trousers (PD0003) 100% Organic Cotton (RM0104) Women's Apparel (PC0002) Pants"
"AAC TÊXTEIS, S.A.",Portugal (PT),"Children's wear, Ladieswear, Men's wear",,Leonor Gonçalves,leonor@aactexteis.pt,,CTV-920017,CTV – Certificação de Têxteis e de Vestuário,2024-11-22,"Pants
T-shirts
blouses
cardigans
dresses
pullovers
shirts
singletes
skirts
sweaters
trousers"
Aadhava Apparels,India (IN),"Accessories, Babywear, Ladieswear, Children's wear, Fabrics, Men's wear, Home Textiles, Yarns",,,,"SF No:151/1B, No: 4/57, Thanchankadu, Near KCM Nagar, Karumapalayam Village,",GCL-301860,GCL International,2024-08-10,"Cushions (PD0023) 100% Organic Cotton (RM0104) Men's Apparel (PC0001) Pants
Men's Apparel (PC0001) T shirts
Pouches (PD0024) 100% Organic Cotton (RM0104) Children's Apparel (PC0004) Dresses
bed sheets (PD0015) 100% Organic Cotton (RM0104) Home Textiles (PC0010) Blankets
bedspreads
blouses (PD0005) 100% Organic Cotton (RM0104) Men's Apparel (PC0001) Sweaters
cardigans (PD0004) 100% Organic Cotton (RM0104) Women's Apparel (PC0002) T shirts
cardigans (PD0004) 100% Organic Cotton (RM0104) Children's Apparel (PC0004) Sweaters
cardigans (PD0004) 100% Organic Cotton (RM0104) Men's Apparel (PC0001) T shirts
cardigans (PD0004) 95% Organic Cotton (RM0104) + 5% Elastane (Spandex) (RM0160) Children's Apparel (PC0004) T shirts
handbags
pullovers
pullovers
pullovers
pullovers
quilts (PD0019) 100% Organic Cotton (RM0104) Home Textiles (PC0010) Pillows
robes (PD0006) 100% Organic Cotton (RM0104) Children's Apparel (PC0004) Undergarment
robes (PD0006) 100% Organic Cotton (RM0104) Women's Apparel (PC0002) Dresses
robes (PD0006) 95% Organic Cotton (RM0104) + 5% Elastane (Spandex) (RM0160) Undyed fabrics (PC0027) Knitted Fabrics (PD0058) 100% Organic cotton (RM0104) Undyed fabrics (PC0027) Knitted Fabrics (PD0058) 95% Organic cotton (RM0104) + 5% Elastane (Spandex) (RM0160) Unisex Apparel (PC0005) T-Shirts
robes (PD0006) 95% Organic Cotton (RM0104) + 5% Elastane (Spandex) (RM0160) Children's Apparel (PC0004) Sweaters
singlets (PD0007) 100% Organic Cotton (RM0104) Babies Apparel (PC0003) Babies' accessoriesQ (PD0014) 100% Organic Cotton (RM0104) Babies Apparel (PC0003) Babies' clothing (PD0013) 100% Organic Cotton (RM0104) Babies Apparel (PC0003) Babies' clothing (PD0013) 95% Organic Cotton (RM0104) + 5% Elastane (Spandex) (RM0160) Carried Accessories (PC0011) Bags
singlets (PD0007) 100% Organic Cotton (RM0104) Children's Apparel (PC0004) T shirts
singlets (PD0007) 100% Organic Cotton (RM0104) Dyed fabrics (PC0025) Knitted Fabrics (PD0058) 97% Organic Cotton (RM0104) + 3% Elastane (Spandex) (RM0160) Dyed fabrics (PC0025) Knitted Fabrics (PD0058) 98% Organic Cotton (RM0104) + 2% Elastane (Spandex) (RM0160) Dyed fabrics (PC0025) Woven Fabrics (PD0059) 100% Organic Cotton (RM0104) Dyed fabrics (PC0025) Woven Fabrics (PD0059) 95% Organic Cotton (RM0104) + 5% Elastane (Spandex) (RM0160) Dyed Yarns (PC0029) Normally Combed Yarns (PD0102) 100% Organic Cotton (RM0104) Greige fabrics (PC0026) Knitted Fabrics (PD0058) 90% Organic Cotton (RM0104) + 10% Elastane (Spandex) (RM0160) Printed fabrics (PC0039) Knitted fabrics (Cut panels) (PD0058) 100% Organic Cotton (RM0104) Dyed fabrics (PC0025) Knitted fabrics (Cut panels) (PD0058) 100% Organic Cotton (RM0104) Greige fabrics (PC0026) Knitted Fabrics (PD0058) 95% Organic Cotton (RM0104) + 5% Elastane (Spandex) (RM0160) Printed fabrics (PC0039) Knitted fabrics (Cut panels) (PD0058) 95% Organic Cotton (RM0104) + 5% Elastane (Spandex) (RM0160) Dyed fabrics (PC0025) Knitted fabrics (Cut panels) (PD0058) 95% Organic Cotton (RM0104) + 5% Elastane (Spandex) (RM0160) Men's Apparel (PC0001) T shirts
singlets (PD0007) 100% Organic Cotton (RM0104) Unisex Apparel (PC0005) T-Shirts
singlets (PD0007) 95% Organic Cotton (RM0104) + 5% Elastane (Spandex) (RM0160) Men's Apparel (PC0001) Undergarment
singlets (PD0007) 95% Organic Cotton (RM0104) + 5% Elastane (Spandex) (RM0160) Women's Apparel (PC0002) Undergarment
singlets (PD0007) 95% Organic Cotton (RM0104) + 5% Elastane (Spandex) (RM0160) Dyed fabrics (PC0025) Knitted Fabrics (PD0058) 100% Organic Cotton (RM0104) Dyed fabrics (PC0025) Knitted Fabrics (PD0058) 95% Organic Cotton (RM0104) + 5% Elastane (Spandex) (RM0160) Greige Yarns (PC0030) Normally Combed Yarns (PD0102) 100% Organic Cotton (RM0104) Home Textiles (PC0010) Bed linen
singlets (PD0007) 98% Organic Cotton (RM0104) + 2% Elastane (Spandex) (RM0160) Greige fabrics (PC0026) Knitted Fabrics (PD0058) 98% Organic Cotton (RM0104) + 2% Elastane (Spandex) (RM0160) Greige fabrics (PC0026) Knitted Fabrics (PD0058) 100% Organic Cotton (RM0104) Children's Apparel (PC0004) Suits
skirts (PD0011) 100% Organic Cotton (RM0104) Women's Apparel (PC0002) Dresses
skirts (PD0011) 100% Organic Cotton (RM0104) Children's Apparel (PC0004) Pants
skirts (PD0011) 95% Organic Cotton (RM0104) + 5% Elastane (Spandex) (RM0160) Women's Apparel (PC0002) Pants
sleepwear
sleepwear
sleepwear
sleepwear
suit & pants (PD0002) 100% Organic Cotton (RM0104) Children's Apparel (PC0004) Pants
suit & pants (PD0002) 98% Organic Cotton (RM0104) + 2% Elastane (Spandex) (RM0160)
totes
trousers (PD0003) 100% Organic Cotton (RM0104) Children's Apparel (PC0004) Undergarment
trousers (PD0003) 100% Organic Cotton (RM0104) Women's Apparel (PC0002) Pants
trousers (PD0003) 95% Organic Cotton (RM0104) + 5% Elastane (Spandex) (RM0160) Men's Apparel (PC0001) Shirts
trousers (PD0003) 95% Organic Cotton (RM0104) + 5% Elastane (Spandex) (RM0160) Women's Apparel (PC0002) Sweaters
trousers (PD0003) 98% Organic Cotton (RM0104) + 2% Elastane (Spandex) (RM0160) Children's Apparel (PC0004) Suits"
AADHITH FASHIONS,India (IN),"Babywear, Ladieswear, Men's wear, Garments",,,ram@aadhithfashions.in,"NO.219-A, RAMABIRAN COLONY DHARAPURAM ROAD, TIRUPUR, 641604",015878,IDFL,2024-05-02,Men's Apparel (PC0001) T-shirts (PD0007) Organic Cotton (RM0104) GOTS (Organic) 57825 Women's Apparel (PC0002) T-shirts (PD0007) Organic Cotton (RM0104) GOTS (Organic) 57825 Unisex Apparel (PC0005) T-shirts (PD0007) Organic Cotton (RM0104) GOTS (Organic) 57825 Babies' Apparel (PC0003) Babies' clothing (PD0013) Organic Cotton (RM0104) GOTS (Organic) 57825 Babies' Apparel (PC0003) Babies' Accessories (PD0014) Organic Cotton (RM0104) GOTS (Organic) 57825
AADHYA TRADELINKS,India (IN),"Raw Fibres, Yarns",,,,"DHASA, MAON ROAD, DHASA JUNCTION, DHASA, DHASA, Botad",GOTS-20200633,GSCS,2024-05-31,Carded yarns (PD0067) Lint cotton (PD0074)
Aakarsh Exports,India (IN),"Ladieswear, Fabrics",,,ajay@aakarshexports.com,"A-23, Sector - 63, Gautam Budh Nagar, Noida, 201301",016454,IDFL,2024-05-04,
Aalishan Exports,India (IN),"Accessories, Babywear, Ladieswear, Children's wear, Fabrics, Men's wear, Home Textiles, Toys",,,,"2E, Bharathi Nagar,",GCL-301612,GCL International,2024-03-02,"Cushions (PD0023) 100% Organic Cotton (RM0104) Home Textiles (PC0010) Bed linen
Pouches (PD0024) 100% Organic Cotton (RM0104) Worn Accessories (PC0012) Hats
Totes
Undyed fabrics (PC0027) Woven Fabrics (PD0059) 100% Organic cotton (RM0104) Dyed fabrics (PC0025) Woven Fabrics (PD0059) 100% Organic Cotton (RM0104) Printed fabrics (PC0039) Woven Fabrics (PD0059) 100% Organic Cotton (RM0104) Printed fabrics (PC0039) Woven fabrics (Cut panels) (PD0059) 100% Organic Cotton (RM0104) Greige fabrics (PC0026) Knitted Fabrics (PD0058) 100% Organic Cotton (RM0104) Dyed fabrics (PC0025) Knitted Fabrics (PD0058) 100% Organic Cotton (RM0104) Printed fabrics (PC0039) Knitted Fabrics (PD0058) 100% Organic Cotton (RM0104) Printed fabrics (PC0039) Knitted fabrics (Cut panels) (PD0058) 100% Organic Cotton (RM0104) Home Textiles (PC0010) Blankets
bed sheets (PD0015) 100% Organic Cotton (RM0104) Home Textiles (PC0010) Table linen
bedspreads
blinds (PD0020) 100% Organic Cotton (RM0104) Home Textiles (PC0010) Pillows
blouses (PD0005) 100% Organic Cotton (RM0104) Men's Apparel (PC0001) T shirts
caps
hand covering (PD0026) 100% Organic Cotton (RM0104) Worn Accessories (PC0012) Aprons (PD0100) 100% Organic Cotton (RM0104) Worn Accessories (PC0012) Handkerchiefs (PD0029) 100% Organic Cotton (RM0104) Women's Apparel (PC0002) Suits
handbags
handbags
head coverings (PD0030) 100% Organic Cotton (RM0104) Worn Accessories (PC0012) Scarves
jackets
jackets
kitchen linen
mittens
napkins (PD0016) 100% Organic Cotton (RM0104) Home Textiles (PC0010) Towels
pouches (PD0024) 100% Organic Cotton (RM0104) Outdoor (PC0018) Sleeping Bags (PD0044) 100% Organic Cotton (RM0104) Toys (PC0024) Soft toys (PD0056) 100% Organic Cotton (RM0104)
quilts (PD0019) 100% Organic Cotton (RM0104) Home Textiles (PC0010) Curtains
shawls
singlets (PD0007) 100% Organic Cotton (RM0104) Outdoor (PC0018) Bags
singlets (PD0007) 100% Organic Cotton (RM0104) Women's Apparel (PC0002) Dresses
skirts (PD0011) 100% Organic Cotton (RM0104) Babies Apparel (PC0003) Babies' clothing (PD0013) 100% Organic Cotton (RM0104) Babies Apparel (PC0003) Babies' accessories (PD0014) 100% Organic Cotton (RM0104) Children's Apparel (PC0004) Overcoats
skirts (PD0011) 100% Organic Cotton (RM0104) Children's Apparel (PC0004) Suits
suit & pants (PD0002) 100% Organic Cotton (RM0104) Men's Apparel (PC0001) Pants
suit & pants (PD0002) 100% Organic Cotton (RM0104) Men's Apparel (PC0001) Overcoats
suit & pants (PD0002) 100% Organic Cotton (RM0104) Women's Apparel (PC0002) Pants
tablecloth
toilet linen (PD0017) 100% Organic Cotton (RM0104) Home Textiles (PC0010) Coasters (PD0100) 100% Organic Cotton (RM0104) Home Textiles (PC0010) Mats (PD0100) 100% Organic Cotton (RM0104) Home Textiles (PC0010) Christmas Stocking (PD0100) 100% Organic Cotton (RM0104) Carried Accessories (PC0011) Bags
totes
trousers (PD0003) 100% Organic Cotton (RM0104) Children's Apparel (PC0004) Dresses
trousers (PD0003) 100% Organic Cotton (RM0104) Men's Apparel (PC0001) Shirts
trousers (PD0003) 100% Organic Cotton (RM0104) Women's Apparel (PC0002) T shirts
veils (PD0028) 100% Organic Cotton (RM0104) Worn Accessories (PC0012) Gloves
vests (PD0001) 100% Organic Cotton (RM0104) Men's Apparel (PC0001) Suits
vests (PD0001) 100% Organic Cotton (RM0104) Children's Apparel (PC0004) Pants"
Aan Clothings LLP,India (IN),"Home Textiles, Product category (other)",,,,"Plot 9, Sector 34",153266,Intertek Testing Services,2024-04-09,"Carpets
Table linen
bedspreads
bedspreads quilts Other (Duvet Covers) Carpets
blinds Other (Placemat) Other (Runner) Blankets
blinds Pillows
cushions Other (Wall Hanging) Other (Sham) Curtains
cushions Other (Basket) Blankets
floor coverings
floor coverings Other (Apron) Other (Bathmat) Other (Poufs) Other (Chair pad) Pillows
kitchen linen
rugs
rugs
tablecloth napkins Towels
toilet linen Curtains"
Aara Tex,India (IN),"Babywear, Children's wear, Ladieswear, Men's wear",,R. Nandakumar,nandu@aaratex.com,,ICEA-TX-929,ICEA Istituto per la Certificazione Etica e Ambientale,2024-05-24,"Babies' apparel (PC0003)
Children's apparel (PC0004)
Children's apparel (PC0004)
Men's apparel (PC0001)
Women's apparel (PC0002)"
Aarna Cotton Private Limited,India (IN),Raw Fibres,,,,"TALUKA-VIJAPUR-382870, MAHESANA, GUJARAT, INDIA",GOTS-BVIN0080,Bureau Veritas,2024-08-08,
Aaron Denim Limited,Bangladesh (BD),Fabrics,,,,,USB 002105,USB Certification,2024-07-18,Denim fabrics (PD0061) - 100% organic cotton (RM0104) Denim fabrics (PD0061) - 99% organic cotton (RM0104) + 1% elastane (RM0160) Denim fabrics (PD0061) - 98% organic cotton (RM0104) + 2% elastane (RM0160) Denim fabrics (PD0061) - 95% organic cotton (RM0104) + 5% elastane (RM0160) Denim fabrics (PD0061) - 97% organic cotton (RM0104) + 3% viscose (rayon) (RM0238) Denim fabrics (PD0061) - 90% organic cotton (RM0104) + 8% recycled pre/post-consumer polyester (RM0187) + 2% elastane (RM0160) Denim fabrics (PD0061) - 90% organic cotton (RM0104) + 10% viscose (rayon) (RM0238) Denim fabrics (PD0061) - 90% organic cotton (RM0104) + 10% elastane (RM0160) Denim fabrics (PD0061) - 84% organic cotton (RM0104) + 14% recycled pre/post-consumer polyester (RM0187) + 2% elastane (RM0160) Denim fabrics (PD0061) - 77% organic cotton (RM0104) + 21% recycled pre/post-consumer polyester (RM0187) + 2% elastane (RM0160) Denim fabrics (PD0061) - 75% organic cotton (RM0104) + 24% recycled pre/post-consumer polyester (RM0187) + 1% elastane (spandex) (RM0160) Denim fabrics (PD0061) - 72% organic cotton (RM0104) + 27% recycled pre/post-consumer polyester (RM0187) + 1% elastane (RM0160) Denim fabrics (PD0061) - 70% organic cotton (RM0104) + 30% recycled pre/post-consumer polyester (RM0187) Denim fabrics (PD0061) - 70% organic cotton (RM0104) + 28% recycled pre/post-consumer polyester (RM0187) + 2% elastane (spandex) (RM0160) Denim fabrics (PD0061) - 97% organic cotton (RM0104) + 3% elastane (RM0160) Denim fabrics (PD0061) - 73% organic cotton (RM0104) + 18% recycled pre/post-consumer polyester (RM0187) + 7% viscose (rayon) (RM0238) + 2% elastane (RM0160) Denim fabrics (PD0061) - 79% organic cotton (RM0104) + 20% recycled pre/post-consumer polyester (RM0187) + 1% elastane (RM0160)
Aarryamaan,India (IN),"Accessories, Babywear, Ladieswear, Children's wear, Fabrics, Men's wear, Yarns",,M.K. Periyasamy,,"9/379, Na, Karaipudur Road, Karaipudur Post,",GCL-301498,GCL International,2023-12-29,"Men's Apparel (PC0001) T shirts
caps
head coverings (PD0030) 95% Organic Cotton (RM0104) + 5% Elastane (spandex) (RM0160) Children's Apparel (PC0004) Socks
hosiery (PD0009) 95% Organic Cotton (RM0104) + 5% Elastane (Spandex) (RM0160) Printed fabrics (PC0039) Knitted Fabrics (PD0058) 100% Organic Cotton (RM0104) Dyed fabrics (PC0025) Knitted Fabrics (PD0058) 100% Organic Cotton (RM0104) Dyed fabrics (PC0025) Knitted Fabrics (PD0058) 95% Organic Cotton (RM0104) + 5% Elastane (Spandex) (RM0160) Printed fabrics (PC0039) Knitted Fabrics (PD0058) 95% Organic Cotton (RM0104) + 5% Elastane (Spandex) (RM0160)
jackets
jackets
jackets
robes (PD0006) 100% Organic Cotton (RM0104) Women's Apparel (PC0002) Undergarment
robes (PD0006) 100% Organic Cotton (RM0104) Babies Apparel (PC0003) Babies' clothing (PD0013) 100% Organic Cotton (RM0104) Babies Apparel (PC0003) Babies' clothing (PD0013) 97% Organic Cotton (RM0104) + 3% Viscose (rayon) (RM0238) Babies Apparel (PC0003) Babies' clothing (PD0013) 8% Organic Cotton (RM0104) + 2% Viscose (rayon) (RM0238) Babies Apparel (PC0003) Babies' clothing (PD0013) 95% Organic Cotton (RM0104) + 5% Elastane (Spandex) (RM0160) Babies Apparel (PC0003) Babies' clothing (PD0013) 93% Organic Cotton (RM0104) + 7% Viscose (rayon) (RM0238) Greige fabrics (PC0026) Knitted Fabrics (PD0058) 97% Organic Cotton (RM0104) + 3% Viscose (rayon) (RM0238) Greige fabrics (PC0026) Knitted Fabrics (PD0058) 98% Organic Cotton (RM0104) + 2% Viscose (rayon) (RM0238) Greige fabrics (PC0026) Knitted Fabrics (PD0058) 95% Organic Cotton (RM0104) + 5% Elastane (Spandex) (RM0160) Greige fabrics (PC0026) Knitted Fabrics (PD0058) 93% Organic Cotton (RM0104) + 7% Viscose (rayon) (RM0238) Greige Yarns (PC0030) Semi-combed yarns (PD0101) 100% Organic Cotton (RM0104) Greige Yarns (PC0030) Super combed yarns (PD0068) 100% Organic Cotton (RM0104) Greige Yarns (PC0030) Normally Combed Yarns (PD0102) 100% Organic Cotton (RM0104) Greige Yarns (PC0030) Carded Yarns (PD0067) 100% Organic cotton (RM0104) Greige fabrics (PC0026) Knitted Fabrics (PD0058) 100% Organic Cotton (RM0104) Dyed Yarns (PC0029) Normally Combed Yarns (PD0102) 100% Organic Cotton (RM0104) Worn Accessories (PC0012) Hats
robes (PD0006) 100% Organic Cotton (RM0104) Children's Apparel (PC0004) Undergarment
singlets (PD0007) 100% Organic Cotton (RM0104) Men's Apparel (PC0001) Overcoats
singlets (PD0007) 100% Organic Cotton (RM0104) Women's Apparel (PC0002) Overcoats
singlets (PD0007) 100% Organic Cotton (RM0104) Women's Apparel (PC0002) T shirts
sleepwear
sleepwear
sleepwear
suit & pants (PD0002) 100% Organic Cotton (RM0104) Children's Apparel (PC0004) Suits
suit & pants (PD0002) 100% Organic Cotton (RM0104) Men's Apparel (PC0001) Undergarment
suit & pants (PD0002) 100% Organic Cotton (RM0104) Women's Apparel (PC0002) Suits
vests (PD0001) 100% Organic Cotton (RM0104) Children's Apparel (PC0004) Overcoats
vests (PD0001) 100% Organic Cotton (RM0104) Children's Apparel (PC0004) T shirts
vests (PD0001) 100% Organic Cotton (RM0104) Men's Apparel (PC0001) Suits"
AARTHI A1 HOME TRENDS (P) LTD,India (IN),"Accessories, Babywear, Fabrics, Home Textiles, Product category (other), Yarns",,B. Sivachandran B. Sivachandran,saminathan@aarthia1traders.com,,155769,Ecocert Greenlife,2023-12-31,"Babies apparel (PC0003) Babies accessories (PD0014) 100% Organic cotton (RM0104)
Bedding (PC0015) Mattresses (PD0034) 100% Organic cotton (RM0104)
Carried accessories (PC0011) Bags
Dyed fabrics (PC0025) Woven fabrics (PD0059) 100% Organic cotton (RM0104)
Dyed yarns (PC0029) Carded yarns (PD0067) 100% Organic Cotton (RM0104)
Greige yarns (PC0030) Open end yarns (PD0066) 100% Organic cotton (RM0104)
Home textiles (PC0010) Bed linen
Home textiles (PC0010) Blankets
Home textiles (PC0010) Carpets
Home textiles (PC0010) Curtains
Home textiles (PC0010) Hats
Home textiles (PC0010) Pillows
Home textiles (PC0010) Table linen
Home textiles (PC0010) Towels
Worn accessories (PC0012) Gloves
Worn accessories (PC0012) Scarves
bed sheets(PD0015) 100% Organic cotton (RM0104)
bedspreads
blinds (PD0020) 100% Organic cotton (RM0104)
caps
cushions (PD0023) 100% Organic cotton (RM0104)
floor coverings (PD0022) 100% Organic cotton (RM0104)
hand covering (PD0026) 100% Organic cotton (RM0104)
handbags
head coverings (PD0030) 100% Organic cotton (RM0104)
kitchen linen
mittens
napkins (PD0016) 100% Organic cotton (RM0104)
pouches (PD0024) 100% Organic cotton (RM0104)
quilts (PD0019) 100% Organic cotton (RM0104)
rugs
shawls
tablecloth
toilet linen (PD0017) 100% Organic cotton (RM0104)
totes
veils (PD0028) 100% Organic cotton (RM0104)"
AARTHIA IMPEX,India (IN),"Babywear, Fabrics, Home Textiles, Yarns",,,naveen@aarthiaimpex.com,"S.F.NO.411 412, Door No./Plot No.: 13D, Vivekanantha Nagar,",203746,Intertek Testing Services,2024-03-29,Babies' apparel | PC0003 Home textiles | PC0010 Carried accessories | PC0011 Worn accessories | PC0012 Outdoor | PC0018 Dyed fabrics | PC0025 Greige fabrics | PC0026 Greige yarns | PC0030
AARTI INTERNATIONAL LIMITED,India (IN),Fabrics,,,,"Aarti Complex, G.T.Road, Millerganj 141003 Ludhiana",GOTS-BVIN0043,Bureau Veritas,2024-05-08,
Aarti Yarnfab Private Limited,India (IN),Yarns,,Mr. Sudhir Gupta,sudhir@aartiyarnfab.com,"Alipur Road, Kohand, Gharaunda, Karnal, 132114",CU 1129074,Control Union Certifications,2024-11-02,Greige yarns (PC0030) Carded yarns (PD0067) -100.0% Organic Cotton (RM0104)
AASEERVAA FABRICS,India (IN),"Accessories, Babywear, Home Textiles",,,,"4/105, Anna Nagar, Konthalam Post, Paramathy",225949,Intertek Testing Services,2024-06-30,Worn accessories | PC0012 Outdoor | PC0018 Carried accessories | PC0011 Hard goods | PC0022 Home textiles | PC0010 Babies' apparel | PC0003
Aathira Traders,India (IN),"Fabrics, Yarns, Home Textiles, Product category (other)",,,,"S.F.No.177/2 - C, Plot No.20, Karur-Salem Bye-Pass Road",157924,Intertek Testing Services,2024-04-04,"Towels
bed sheets Gloves
bedspreads
blinds Bed linen
camping goods Bags
cushions Curtains
floor coverings Normally combed yarns Table linen
hand covering Carded yarns Other (Aprons) Carpets
handbags
kitchen linen
mittens
napkins Tents
pouches
quilts Woven fabrics Pillows
rugs
sails
tablecloth
toilet linen Blankets
totes"
AATREYA EXPORT,India (IN),"Accessories, Fabrics, Home Textiles",,,kmrameshragavan@gmail.com,"277/7, THARANI GARDEN, PREM NAGAR KATHAPARAI, KARUR, 639006",017092,IDFL,2024-06-22,Home Textiles (PC0010) Bed Sheets (PD0015) Organic Cotton (RM0104) GOTS (Organic) Home Textiles (PC0010) Curtains (PD0020) Organic Cotton (RM0104) GOTS (Organic) Home Textiles (PC0010) Bed Linen (PD0015) (Fabric) Organic Cotton (RM0104) GOTS (Organic) Home Textiles (PC0010) Napkins (PD0016) Organic Cotton (RM0104) GOTS (Organic) Home Textiles (PC0010) Towels (PD0017) Organic Cotton (RM0104) GOTS (Organic) Home Textiles (PC0010) Table Linen (PD0016) Organic Cotton (RM0104) GOTS (Organic) Home Textiles (PC0010) Kitchen linen (PD0017) Organic Cotton (RM0104) GOTS (Organic) Carried Accessories (PC0011) Bags (PD0024) Organic Cotton (RM0104) GOTS (Organic) Carried Accessories (PC0011) Handbags (PD0024) Organic Cotton (RM0104) GOTS (Organic) Carried Accessories (PC0011) Totes (PD0024) Organic Cotton (RM0104) GOTS (Organic) Carried Accessories (PC0011) Pouches (PD0024) Organic Cotton (RM0104) GOTS (Organic) Greige Fabrics (PC0026) Woven Fabrics (PD0059) Organic Cotton (RM0104) GOTS (Organic)
Aauraa home fashion pvt ltd,India (IN),Product category (other),,Harimenan M,aauraa4@aauraainternational.co.in,,ICEA-TX-3160,ICEA Istituto per la Certificazione Etica e Ambientale,2024-05-04,"Bedding (PC0015)
Carried accessories (PC0011)
Home textiles (PC0010)"
AAVESH CLOTHING,India (IN),"Babywear, Ladieswear, Children's wear, Men's wear",,MR.AAVESH GOENKA,avesh@aveshintl.com,TIRUPUR 641602 Tamil Nadu INDIA,279897,Ecocert Greenlife,2024-06-07,"Babies apparel (PC0003)
Children apparel (PC0004)
Men apparel (PC0001)
Women apparel (PC0002)"
Aayush Spintex Private Limited,India (IN),Product category (other),,Mr. Sanjay Agrawal,sktextiles131@gmail.com,"Gram Limbodagari, 392/, 392/2, Sanwer Road,",CU 1023946,Control Union Certifications,2024-01-10,Undyed fibers Comber noil -100.0%Organic Cotton
AB Apparels Ltd.,Bangladesh (BD),"Babywear, Ladieswear, Children's wear, Men's wear, Product category (other)",,,,"225/222 Singair Road, Hemayetpur, Savar, 1340, Dhaka, BD-C, Bangladesh, BD",GOTS-20200483,GSCS,2024-08-31,"Activewear
Babies' clothing (PD0013)
Dresses
Overcoats
Pants
Shirts
T-shirts
Undergarment
blouses (PD0005)
jackets
robes (PD0006)
singlets (PD0007)
skirts (PD0011)
sleepwear
sportswear (PD0008)
trousers (PD0003)
vests (PD0001)"
AB Cotspin India Limited,India (IN),"Fabrics, Yarns, Product category (other)",,Mr. Deepak Garg,info@abcotspin.in,"Bhatinda Road, Jaitu",CU 1010809,Control Union Certifications,2024-05-05,Greige fabrics (PC0026) Knitted fabrics (PD0058) -100.0% Organic Cotton (RM0104) Greige yarns (PC0030) Carded yarns (PD0067) -100.0% Organic Cotton (RM0104) Greige yarns (PC0030) Normally combed yarns (PD0102) -100.0% Organic Cotton (RM0104) Undyed fibers (PC0034) Comber noil (PD0082) -100.0% Organic Cotton (RM0104) Undyed fibers (PC0034) Other [Roving] (PD0100) -100.0% Organic Cotton (RM0104) Undyed fibers (PC0034) Lint cotton (PD0074) -100.0% Organic Cotton (RM0104)
AB COTTON TEXTILES PVT. LTD,India (IN),Yarns,,,,"NEAR SPORTKING FACTORY, 684 25-0,FARIDKOT ROAD, VILLAGE JEEDA",232225,Intertek Testing Services,2024-11-28,
AB Mart Fashion Wear Ltd.,Bangladesh (BD),"Babywear, Children's wear, Ladieswear, Men's wear",,,,"786, Kakil Sataish, Borodawra, 13/3, Purbopara, Mudafa, Tongi",CERES-1050,Ceres,2024-12-22,"Babies' accessories (PD0014)
Babies' clothing (PD0013)
Dresses / skirts (PD0011)
Overcoats / jackets / vests (PD0001)
Pants / trousers (PD0003)
Shirts / blouses (PD0005)
Sweaters
T-shirts / singlets (PD0007)
cardigans (PD0004)
pullovers"
AB SCREENS,"India (IN)
Tamil Nadu",Fabrics,,,,"D.NO / PLOT NO .SHED NO 7A ,7B,7C TEKIC,TEA NAGAR,SIDCO,MUDALIPALAYAM",225919,Intertek Testing Services,2024-08-11,Printed fabrics | PC0039
